citation,doi,pmid,ref_id,ref_number,source_location,source_review,table_lead,table_outcome,table_row,title,year
"34 AnsariS Adib SaberF ElmiehA GhadimiS . The effect of water-based intervention on sleep habits and two sleep-related cytokines in children with autism. Sleep Med. (2021) 82:78–83. doi: 10.1016/j.sleep.2021.03.045, PMID: 33906043",10.1016/j.sleep.2021.03.045,33906043,B34,34,reference 34,PMC12963353,,,,The effect of water-based intervention on sleep habits and two sleep-related cytokines in children with autism,2021
"35 DhingraA GuptaA Aditi . Effect of aerobic training on anxiety, activities of daily living and visual motor skills performance in children with autism: A randomised controlled trial. J Clin Diagn Res. (2025) 19:SC06–11. doi: 10.7860/jcdr/2025/73346.20624",10.7860/jcdr/2025/73346.20624,,B35,35,reference 35,PMC12963353,,,,"Effect of aerobic training on anxiety, activities of daily living and visual motor skills performance in children with autism: A randomised controlled trial",2025
36 GrecoG de RonziR . The effect of a specific exercise program on the improvement of motor coordination in children with autism spectrum disorder. J Phys Educ Sport. (2020) 20:1637–45. doi: 10.7752/jpes.2020.04223,10.7752/jpes.2020.04223,,B36,36,reference 36,PMC12963353,,,,The effect of a specific exercise program on the improvement of motor coordination in children with autism spectrum disorder,2020
37 GulandanmuM WangZ . A study on dance/movement therapy to improve core symptoms in children with autism spectrum disorder. Arts Psychother. (2025) 92:102300. doi: 10.1016/j.aip.2025.102300,10.1016/j.aip.2025.102300,,B37,37,reference 37,PMC12963353,,,,A study on dance/movement therapy to improve core symptoms in children with autism spectrum disorder,2025
"38 HiroseN TashiroY TakasakiT . Effects of a 12-week exercise intervention on primitive reflex retention and social development in children with ASD and ADHD. Children. (2025) 12:987. doi: 10.3390/children12080987, PMID: 40868439 PMC12384944",10.3390/children12080987,40868439,B38,38,reference 38,PMC12963353,,,,Effects of a 12-week exercise intervention on primitive reflex retention and social development in children with ASD and ADHD,2025
"39 HowellsK SivaratnamC LindorE HydeC McGillivrayG WhitehouseA . Can participation in a community organized football program improve social, behavioural functioning and communication in children with autism spectrum disorder? A pilot study. J Autism Dev Disord. (2020) 50:3714–27. doi: 10.1007/s10803-020-04423-5, PMID: 32107700",10.1007/s10803-020-04423-5,32107700,B39,39,reference 39,PMC12963353,,,,"Can participation in a community organized football program improve social, behavioural functioning and communication in children with autism spectrum disorder? A pilot study",2020
"40 LiangXA LiR WongSHS SumRKW SitCHP . The effects of exercise interventions on executive functions in children and adolescents with autism spectrum disorder: A systematic review and meta-analysis. Sports Med. (2022) 52:75–88. doi: 10.1007/s40279-021-01545-3, PMID: 34468951",10.1007/s40279-021-01545-3,34468951,B40,40,reference 40,PMC12963353,,,,The effects of exercise interventions on executive functions in children and adolescents with autism spectrum disorder: A systematic review and meta-analysis,2022
"41 PetersBC WoodW HepburnS BundyA . Preliminary efficacy of occupational therapy in an equine environment for youth with autism spectrum disorder. J Autism Dev Disord. (2022) 52:4114–28. doi: 10.1177/1539449220912723, PMID: 34557985",10.1177/1539449220912723,34557985,B41,41,reference 41,PMC12963353,,,,Preliminary efficacy of occupational therapy in an equine environment for youth with autism spectrum disorder,2022
"42 TanksaleR SofronoffK SheffieldJ GilmourJ . Evaluating the effects of a yoga-based program integrated with third-wave cognitive behavioral therapy components on self-regulation in children on the autism spectrum: A pilot randomized controlled trial. Autism. (2021) 25:995–1008. doi: 10.1177/1362361320974841, PMID: 33238718",10.1177/1362361320974841,33238718,B42,42,reference 42,PMC12963353,,,,Evaluating the effects of a yoga-based program integrated with third-wave cognitive behavioral therapy components on self-regulation in children on the autism spectrum: A pilot randomized controlled trial,2021
"43 TseCYA LeeHP ChanKSK EdgarVB Wilkinson-SmithAM LaiWHE . Examining the impact of physical activity on sleep quality and executive functions in children with autism spectrum disorder: A randomized controlled trial. Autism. (2019) 23:1699–710. doi: 10.1177/1362361318823910, PMID: 30663324",10.1177/1362361318823910,30663324,B43,43,reference 43,PMC12963353,,,,Examining the impact of physical activity on sleep quality and executive functions in children with autism spectrum disorder: A randomized controlled trial,2019
"44 TseACY LeePH ZhangJ HoAWY LaiWHE . Effects of exercise on sleep, melatonin level, and behavioral functioning in children with autism. Autism. (2022) 26:1712–22. doi: 10.1177/13623613211062952, PMID: 35083939",10.1177/13623613211062952,35083939,B44,44,reference 44,PMC12963353,,,,"Effects of exercise on sleep, melatonin level, and behavioral functioning in children with autism",2022
45 ZhaoF LuF TanCH YuQ WangS ChenR . The effect of hierarchical comprehensive motor training on children with autism spectrum disorder: A comparison between those with and without comorbid ADHD. Chin J Clin Psychol. (2021) 29:869–75. doi: 10.16128/j.cnki.1005-3611.2021.04.042,10.16128/j.cnki.1005-3611.2021.04.042,,B45,45,reference 45,PMC12963353,,,,The effect of hierarchical comprehensive motor training on children with autism spectrum disorder: A comparison between those with and without comorbid ADHD,2021
"Carey, M., Sheehan, D., Healy, S., Knott, F., & Kinsella, S. (2022). The effects of a 16-week school-based exercise program on anxiety in children with autism spectrum disorder. International Journal of Environmental Research and Public Health,19(9), 5471. 10.3390/ijerph19095471",10.3390/ijerph19095471,,CR7,7,Evidence table for the physical activity intervention studies and their effects on anxiety for autistic children and adults,PMC12296984,Carey et al. (2022),"According to the ACS-ASD reported by teachers, there was a significant decrease in performance anxiety, anxious arousal, uncertainty, and total ACS-ASD scores when comparing baseline to the final session (week 16) (p < 0.001). According to the ACS-ASD reported by parents, there was no significant decrease in total ACS-ASD scores when comparing baseline to the final session (week 16)","Carey et al. (2022) | Level IIIn = 24Inclusion criteria: ages 5–18, diagnosis of ASD by psychologist, moderate to severe ASD—measured by the Gilliam Autism Rating Scale—2nd Edition (GARS). The authors defined moderate ASD as a score of 10–33 on the GARs, and severe ASD as a score of more than 34 on the GARSExclusion criteria: no diagnosis of ASD, if potential participants had any medical conditions or injuries that prevented them from participating in exercise, and if a guardian or doctor advised they should not participate in exercise | Intervention: all participants participated in a 16-week exercise program intervention. The sessions occurred 3 days a week for 1 h, and included a warm-up, main activities, and stretching at the end. The main activities focused on developing and progressing fundamental motor skills like catching, throwing, kicking, balancing, dodging, striking, and jumping. The main activities also included some group games, involving all of the children | The ASC-ASD was completed by teachers, parents, or both to measure participants’ anxiety levels in home and school settings | According to the ACS-ASD reported by teachers, there was a significant decrease in performance anxiety, anxious arousal, uncertainty, and total ACS-ASD scores when comparing baseline to the final session (week 16) (p < 0.001). According to the ACS-ASD reported by parents, there was no significant decrease in total ACS-ASD scores when comparing baseline to the final session (week 16)",,2022
"Gehricke, J.-G., Lowery, L. A., Alejo, S. D., Dawson, M., Chan, J., Parker, R. A., Archibald, A., Lo, A., Benavidez, H., Saini, T., Kuhlthau, K., Trujillo, Y., Grigaux, O., Cadondon, S., Baconawa, M., Bellesheim, K., Sweeney, M., Haddad, F., & Radom-Aizik, S. (2022). The effects of a physical exercise program, LEGOR and Minecraft activities on anxiety in underserved children with autism spectrum disorder. Research in Autism Spectrum Disorders,97, 102005. 10.1016/j.rasd.2022.102005",10.1016/j.rasd.2022.102005,,CR11,11,Evidence table for the physical activity intervention studies and their effects on anxiety for autistic children and adults,PMC12296984,Gehricke et al. (2022),"Both the physical activity and sedentary activity groups had significant improvements in anxiety at weeks 3, 6, and 8 as rated by the CBCL DSM-5 anxiety subscale, with larger improvements in the exercise intervention group (p < 0.001). The SCARED measure reported significant improvements for both groups at 8 weeks (p < 0.001), with larger improvement in the sedentary group. The CSHQ results concluded sleep quality was significantly improved for the physical activity group a week 8 (p = 0.003). The PAQ-C results showed a significant increase in the physical activity group at week 8 compared to the sedentary group (p = 0.003). There were no significant acute or chronic changes to salivary cortisol for both groups","Gehricke et al. (2022) | Level IIn = 53—physical activity groupn = 64—sedentary activity groupInclusion criteria: participants were between the ages of 6 and 12, ASD diagnosis, ability to participate in moderate exercise, ability to follow basic directions, and anxiety defined as the more than the 93rd percentile on the CBCL or a total score more than 25 on the SCAREDExclusion criteria: behaviors that prevented participation in group activities, any medicalcondition that would be adversely affected by moderate exercise, sensory impairments that could affect participation, and children who were actively participating in other community-based exercise programs or were planning to do so | Physical Activity group: 8 weeks—3 physical activity sessions a week for 40–50 minThe physical activity program included 10 min of warm-up,10 min of moderate intensity aerobic exercises at 65–85% of maximum heart rate, then 5 min of bone and muscle strength activities using body weight only, then 5 min of moderate intensity aerobic exercise combined with muscle strength activities, and lastly, they completed 5 min of cool down activitiesSedentary Activity Group: 8 weeks—3 Lego or Minecraft sessions a week for 45 min—participants got to decide if they would prefer to play with Legos or play MinecraftLego sessions: first, a 5-min introduction to trained study staff and LEGO rules and planning which role the participant will begin with. After the roles were assigned, engineer would give descriptions of the pieces needed and directions on how to assemble the model, and the builder would follow the directions, collect the pieces, and put the pieces together. The roles then switched after 15 min, and they played in the other role for the next 15 min. After the participant had a chance to play in both roles, they spent 15 min cleaningMinecraft: first, a 5-min introduction to trained study staff and Minecraft rules for the participant, as well as planning participant’s goals for the session. Next, participants participated in 20 min of group play in daytime mode through the game. Then, they played 15 min of survival play in night mode. Finally, the last 5 min were used to discuss how the participant felt about the intervention | The CBCL DSM-5 anxiety subscale, the SCARED—self-reported, the parent-rated CSHQ, the PAQ-C, and salivary cortisol were collected at baseline, week 3, week 6, week 8, week 12 as a follow up, and week 16 as a second follow up | Both the physical activity and sedentary activity groups had significant improvements in anxiety at weeks 3, 6, and 8 as rated by the CBCL DSM-5 anxiety subscale, with larger improvements in the exercise intervention group (p < 0.001). The SCARED measure reported significant improvements for both groups at 8 weeks (p < 0.001), with larger improvement in the sedentary group. The CSHQ results concluded sleep quality was significantly improved for the physical activity group a week 8 (p = 0.003). The PAQ-C results showed a significant increase in the physical activity group at week 8 compared to the sedentary group (p = 0.003). There were no significant acute or chronic changes to salivary cortisol for both groups",,2022
"Hillier, A., Murphy, D., & Ferrara, C. (2011). A pilot study: Short-term reduction in salivary cortisol following low level physical exercise and relaxation among adolescents and young adults on the autism spectrum. Stress and Health,27(5), 395–402. 10.1002/smi.1391",10.1002/smi.1391,,CR15,15,Evidence table for the physical activity intervention studies and their effects on anxiety for autistic children and adults,PMC12296984,Hillier et al. (2011),"There was a significant difference in salivary cortisol before and after each individual training session (p = 0.001), but not across the 3 weeks (p = 0.575)There was a significant difference in anxiety measured by the self-reported STAI before and after each individual training session (p = 0.002), but not across the 8 weeks (p = 0.365)","Hillier et al. (2011) | Level IIIn = 18Inclusion criteria: ages 13–27, diagnosis of ASD, considered to be “high-functioning” the authors define this as: not having significant communication impairments, the ability to follow multi-step instructions, and participants could not exhibit behavioral challenges like physical or verbal aggression, and a note from a physician that said they are able to participate in a physical activity program | Intervention: all participants completed an 8-week low level physical activity program. This program included 5 min of warm-up activities, 10 min of aerobics, 10 min of flexibility exercises, 10 min balance activities, 10 min of strengthening activities, 5 min of team activities, and 10 min of cool down activities. These sessions occurred once a week for 75 min | Salivary cortisol levels were measured through saliva samples gathered at the beginning and end of 3 sessions, weeks 2, 4, and 6Participants self-reported anxiety levels before and after each physical activity session using STAI | There was a significant difference in salivary cortisol before and after each individual training session (p = 0.001), but not across the 3 weeks (p = 0.575)There was a significant difference in anxiety measured by the self-reported STAI before and after each individual training session (p = 0.002), but not across the 8 weeks (p = 0.365)",,2011
"Howells, K., Sivaratnam, C., Lindor, E., Hyde, C., McGillivray, J., Whitehouse, A., & Rinehart, N. (2020). Can participation in a community organized football program improve social, behavioural functioning and communication in children with autism spectrum disorder? A pilot study. Journal of Autism and Developmental Disorders,50(10), 3714–3727. 10.1007/s10803-020-04423-5",10.1007/s10803-020-04423-5,,CR18,18,Evidence table for the physical activity intervention studies and their effects on anxiety for autistic children and adults,PMC12296984,Howells et al. (2020),"Significant decreases in total problem behaviors (p = 0.048), social problems (p = 0.01), and internalizing problems compared to the control group (p = 0.01) as measured by the CBCL were reported post-intervention for the intervention group. DSM-oriented anxiety problems for the intervention group showed a significant decrease in scores post-intervention compared to the control group (p = 0.001). No significant results were reported by the Vineland-3. No significant differences reported in the control group","Howells et al. (2020) | Level IIN = 40Inclusion criteria: a pre-existing diagnosis of ASD under the DSM-5 guidelines and ages 5–12 | Intervention: 19 children who were already participating in the program at local Auskick clubs. The group physical activity sessions included practicing fundamental motor skills and football related skills60–90 min once a week, minimum of 5 sessionsControl group: 21 children not enrolled in the football program, or have been engaging in more than 30 min a week of organized physical activity for the duration of the study. The control group were permitted to engage in their typical, everyday routines | Parents completed the CBCL which included the DSM-Oriented Anxiety and Depressive Problems and the Vineland-3 | Significant decreases in total problem behaviors (p = 0.048), social problems (p = 0.01), and internalizing problems compared to the control group (p = 0.01) as measured by the CBCL were reported post-intervention for the intervention group. DSM-oriented anxiety problems for the intervention group showed a significant decrease in scores post-intervention compared to the control group (p = 0.001). No significant results were reported by the Vineland-3. No significant differences reported in the control group",,2020
"Keino, H., Funahashi, A., Keino, H., Miwa, C., Hosokawa, M., Hayashi, Y., & Kawakita, K. (2009). Psycho-educational horseback riding to facilitate communication ability of children with pervasive developmental disorders. Journal of Equine Science,20(4), 79–88. 10.1294/jes.20.79",10.1294/jes.20.79,,CR22,22,Evidence table for the physical activity intervention studies and their effects on anxiety for autistic children and adults,PMC12296984,Keino et al. (2009),"A statistical difference was measured baseline values and another time point for part 8 of the HEIM scalePart 8: fear or nervousness’ (degree of crying or being afraid) (p < 0.05) 1. Acts very anxious and cries very hard for a long time 2. Cries at first stops after a while 3. Face shows great anxiety 4. Face shows slight anxietyAs well as a statistical difference post intervention for the measures of human relationship, imitation, emotional expression, adaptation to change, visual response, and verbal communication subscales of the HEIM","Keino et al. (2009) | Level IIIn = 4No inclusion nor exclusion criteria listed | Intervention: 4 children participated in Pyscho-Educational Horseback Riding Program (PEHR)Provides, which carefully planned psychological and educational care for each child while they are riding horseback. These riding sessions progressed with time and eventually included the participants playing psycho-educational games, experiencing the horse both walk and trot, and ended with the participants doing their favorite activities. The children participated in PEHR anywhere from 1 to 3 years | Evaluation by the mother of the participant with the HEIM | A statistical difference was measured baseline values and another time point for part 8 of the HEIM scalePart 8: fear or nervousness’ (degree of crying or being afraid) (p < 0.05) 1. Acts very anxious and cries very hard for a long time 2. Cries at first stops after a while 3. Face shows great anxiety 4. Face shows slight anxietyAs well as a statistical difference post intervention for the measures of human relationship, imitation, emotional expression, adaptation to change, visual response, and verbal communication subscales of the HEIM",,2009
"Lee, D., Frey, G. C., Cothran, D. J., Harezlak, J., & Shih, P. C. (2022). Effects of a gamified, behavior change technique-based mobile app on increasing physical activity and reducing anxiety in adults with autism spectrum disorder: Feasibility randomized controlled trial. JMIR Formative Research,6(7), e35701. 10.2196/35701",10.2196/35701,,CR25,25,Evidence table for the physical activity intervention studies and their effects on anxiety for autistic children and adults,PMC12296984,Lee et al. (2022),"There was a significant difference for pre- and post-testing was in daily steps for both groups (p = 0.04). Both groups had a decrease in the BAI scored from pre-test to post-test, although these were not significant","Lee et al. (2022) | Level IIn = 20Inclusion criteria: 18 years of age or older, diagnosed with ASD, medical diagnosis of anxiety or self-identifying as experiencing anxiety in the past 3 months or more, no previous experience of using the physical activity mobile apps that are used in this study, and cognitive ability to understand the purpose of the studyExclusion criteria: low cognitive function, people with co-occurring intellectual disabilities, or mobility impairments | Intervention: participants were randomly assigned to the PuzzleWalk or Google Fit group. Both are applications designed to promote physical activity. The intervention lasted 8 weeks, however after collecting baseline data and distributing materials for the data collection, data collection occurred again during the 4th week to reduce the novelty effect in response to the accelerometer and the applications. Data were collected during the 4th and 8th weeks | Accelerometer data was collected with a waist accelerometer. A self-report survey was used to assess the use of the physical activity applications during the 4th week and at the start and at the end of the 8th week. The BAI—self-report was completed at baseline (week 1), during the 4th week, at the start of the 8th week, and at the end of the 8th week. Also, daily during 1st, 4th, and 8th weeks, time-specific and type of anxiety trigger questions were asked via an app developed by the research team to better identify the contexts of potential anxiety triggers such as environmental, psychological, or sensory factors | There was a significant difference for pre- and post-testing was in daily steps for both groups (p = 0.04). Both groups had a decrease in the BAI scored from pre-test to post-test, although these were not significant",,2022
"Peters, B. C., Wood, W., Hepburn, S., & Moody, E. J. (2021). Preliminary efficacy of occupational therapy in an equine environment for youth with autism spectrum disorder. Journal of Autism and Developmental Disorders. 10.1007/s10803-021-05278-0",10.1007/s10803-021-05278-0,,CR33,33,Evidence table for the physical activity intervention studies and their effects on anxiety for autistic children and adults,PMC12296984,Peters et al. (2021),"The intervention group reported significant improvements in goal performance as rated by the GAS (p < 0.001), and social motivation as rated by the SRS-2 (p = 0.033), and significantly reduced irritability as measured by the ABC-C (p = 0.04) after the intervention. There were no other reported significant changes for the intervention group. The control group also had significant improvements in goal performance as rated by the GAS (p = 0.002), and social motivation as rated by the SRS-2 (p < 0.001), and no other significant results were reported. Also, the HCC resulted in non-significant increases after the intervention","Peters et al. (2021) | Level I RCTn = 20Inclusion: age 6–13 years old, diagnosed with ASD by a community provider, score greater than a 15 on the Social Communication Questionnaire (SCQ), meet clinical cut-offs for ASD on the Autism Diagnostic Observation Schedule (ADOS), Autism Diagnostic Observation Schedule, second edition (ADOS-2), or the Social Responsiveness Scale, Second Edition (SRS-2), combined score more than 25 on the irritability and hyperactivity subscales of the ABC-C, score more than 55 on the Leiter International Performance Scale, Third Edition (Leiter-3), can participate in 10-min of riding while following safety rules, meets PATH Intl physical, mental, and emotional standardsExclusion criteria: weigh more than 200 pounds and participated in equine-assisted services for 2 h or more in the last 6 months | Intervention Group: 11 children with ASD. 10 weeks of Occupational Therapy in an Equine Environment: harnessing Occupation to Address Self-Regulation, Social Communication and Play and in Youth with Autism (OTee HORSPLAY)60-min sessions once a week that included greetings, activities with the horses, goodbye, and caregiver debrief. The activities were individualized for the participants’ movement goalsControl Group: 9 children with ASD, received 10 weeks of didactic training and modeling led by OT graduate students, and the OTee intervention after the first group completed it and data was collected | GAS, completed by an occupational therapist during a semi-structured interview with parents and participants, the irritability and hyperactivity subscales of the ABCC—parent reported, SRS-2—parent reported, PEDI-CAT ASD, parents completed a survey that included three open-ended questions about the best and worst aspects of the intervention or their child, and hair cortisol content (HCC) of the participants was collected at baseline and after the intervention was completed | The intervention group reported significant improvements in goal performance as rated by the GAS (p < 0.001), and social motivation as rated by the SRS-2 (p = 0.033), and significantly reduced irritability as measured by the ABC-C (p = 0.04) after the intervention. There were no other reported significant changes for the intervention group. The control group also had significant improvements in goal performance as rated by the GAS (p = 0.002), and social motivation as rated by the SRS-2 (p < 0.001), and no other significant results were reported. Also, the HCC resulted in non-significant increases after the intervention",,2021
"Tanksale, R., Sofronoff, K., Sheffield, J., & Gilmour, J. (2021). Evaluating the effects of a yoga-based program integrated with third-wave cognitive behavioral therapy components on self-regulation in children on the autism spectrum: A pilot randomized controlled trial. Autism,25(4), 995–1008. 10.1177/1362361320974841",10.1177/1362361320974841,,CR41,42,Evidence table for the physical activity intervention studies and their effects on anxiety for autistic children and adults,PMC12296984,Tanksale et al. (2021),"According to the post-intervention results for the CSQ there was a significant difference between groups for bedtime resistance (p = 0.023), sleep onset delay (p = 0.024), sleep disordered breathing (p = 0.05) and sleep anxiety (p = 0.015). According to the EAQ, there was significant between group differences post-intervention for verbal sharing of emotions (p = 0.005) and analysis of emotions or willingness to understand one’s emotions (p = 0.047). According to the ASC-ASD—self-reported by the children, there was a significant difference for performance anxiety at the follow-up data collection for the intervention group, compared to the control group (p = 0.028)","Tanksale et al. (2021) | Level I RCTn = 61 children with ASD and their parentsInclusion criteria: being between the ages 8 and 12 and a verified ASD diagnosisExclusion criteria: a non-verified diagnosis of ASD and no fluent speech or non-verbal | Intervention: a yoga-based program that occurred once a week for 1 h for 6 weeks. The program included breath-centered postures for the first part, for the second part the children learned mindfulness through games and activities, and the parents attended an education debriefing session that focused on barriers and how to facilitate home practiceControl group: waitlist controls—could receive intervention after if they so choose | The BRIEF—parent questionnaire, CSHQ—parent reported, the ASC-ASD—parent version, GAS—parent report, the EAQ—children reported, and the ASC-ASD—self-reported by the children | According to the post-intervention results for the CSQ there was a significant difference between groups for bedtime resistance (p = 0.023), sleep onset delay (p = 0.024), sleep disordered breathing (p = 0.05) and sleep anxiety (p = 0.015). According to the EAQ, there was significant between group differences post-intervention for verbal sharing of emotions (p = 0.005) and analysis of emotions or willingness to understand one’s emotions (p = 0.047). According to the ASC-ASD—self-reported by the children, there was a significant difference for performance anxiety at the follow-up data collection for the intervention group, compared to the control group (p = 0.028)",,2021
"25. Homayounnia Firouzjah M, Majidi Yaeichi N, Hematinia R. The effectiveness of sensory-motor integration exercises on social skills and motor performance in children with autism. J Autism Dev Disord. (2024).",,,B25,25,Detailed information on qualitative analysis.,PMC11491325,Morteza Homayounnia Firouzjah; Iran; PTPT,Social Skills (P< 0.01); Motor performance (P< 0.01),Morteza Homayounnia Firouzjah; Iran; PTPT | 9-11 | M:30 | Medical diagnosis | SMIE (NI) | Chronic | 48 weeks | 3 times a week | 45min | Social Skills (P< 0.01); Motor performance (P< 0.01),,2024
"26. Ji C, Yang J. Effects of physical exercise and virtual training on visual attention levels in children with autism spectrum disorders. Brain Sci. (2021) 12. doi: 10.3390/brainsci12010041",10.3390/brainsci12010041,,B26,26,Detailed information on qualitative analysis.,PMC11491325,Chaoxin Ji; China; RCT,CRRT; DRPT; PSIR: DRPS:P< 0.05; MT:P< 0.05; MNT:P< 0.05; PSIR:P< 0.05,Chaoxin Ji; China; RCT | VT:12.5 ± 2.36; PE:13.1 ± 2.97; CG:12.8 ± 2.69 | M:55F:45 | ICD-10 | PE/VT (PSY) | Chronic | 6 weeks | 3 times a week | 60mn | CRRT; DRPT; PSIR: DRPS:P< 0.05; MT:P< 0.05; MNT:P< 0.05; PSIR:P< 0.05,,2021
"27. Ji C, Yang J, Lin L, Chen S. Executive function improvement for children with autism spectrum disorder: A comparative study between virtual training and physical exercise methods. Children (Basel). (2022) 9. doi: 10.3390/children9040507",10.3390/children9040507,,B27,27,Detailed information on qualitative analysis.,PMC11491325,Chaoxin Ji; China; RCT,Executive Function (P< 0.001); Flexibility (P< 0.001); Inhibition (P< 0.001),Chaoxin Ji; China; RCT | VT:12.5 ± 2.36; PE:13.1 ± 2.97; CG:12.8 ± 2.69 | M:55F:45 | ICD-10 | PE/VT (PSY) | Chronic (LMAE) | 6 weeks | 3 times a week | 60mn | Executive Function (P< 0.001); Flexibility (P< 0.001); Inhibition (P< 0.001),,2022
"28. Rafiei Milajerdi H, Sheikh M, Najafabadi MG, Saghaei B, Naghdi N, Dewey D. The effects of physical activity and exergaming on motor skills and executive functions in children with autism spectrum disorder. Games Health J. (2021) 10:33–42. doi: 10.1089/g4h.2019.0180",10.1089/g4h.2019.0180,,B28,28,Detailed information on qualitative analysis.,PMC11491325,Homa Rafiei Milajerdi; Iran; RCT,"Motor skills (ACD, P< 0.05); Executive Function (CF, P< 0.01)","Homa Rafiei Milajerdi; Iran; RCT | SPARK: 7.95 ± 1.60; Kinect:8.15 ± 1.5; CG:8.45 ± 1.43 | M:57; F:3 | ADOS-2 | SPARK/Kinect (NI) | Chronic (LMAE) | 8 weeks | 3 times a week | 35min | Motor skills (ACD, P< 0.05); Executive Function (CF, P< 0.01)",,2021
"29. Moradi H, Sohrabi M, Taheri H, Khodashenas E, Movahedi A. Comparison of the effects of perceptual-motor exercises, vitamin D supplementation and the combination of these interventions on decreasing stereotypical behavior in children with autism disorder. Int J Dev Disabil. (2018) 66:122–32. doi: 10.1080/20473869.2018.1502068",10.1080/20473869.2018.1502068,,B29,29,Detailed information on qualitative analysis.,PMC11491325,Hadi Moradi; Iran; PTPT,Stereotypical behavior (P=0.01),Hadi Moradi; Iran; PTPT | 7.62 ± 1.15 | M:50 | DSM-5 | PME (PD) | Chronic | 3 mnths | 3 times a week | 60min | Stereotypical behavior (P=0.01),,2018
"52. Zhao M, Chen S. The effects of structured physical activity program on social interaction and communication for children with autism. BioMed Res Int. (2018) 2018:1825046. doi: 10.1155/2018/1825046",10.1155/2018/1825046,,B52,52,Detailed information on qualitative analysis.,PMC11491325,Mengxian Zhao; China; RCT,Social skills (P< 0.005),Mengxian Zhao; China; RCT | EG:6.14 ± 0.96; CG:6.1 ± 0.98 | M:29; F:12 | DSM-5 | SPAP (RPA) | Chronic | 12 weeks | 2 times a week | 60min | Social skills (P< 0.005),,2018
"53. Aithal S, Karkou V, Makris S, Karaminis T, Powell J. A dance movement psychotherapy intervention for the wellbeing of children with an autism spectrum disorder: A pilot intervention study. Front Psychol. (2021) 12:588418. doi: 10.3389/fpsyg.2021.588418",10.3389/fpsyg.2021.588418,,B53,53,Detailed information on qualitative analysis.,PMC11491325,Supritha Aithal; United Kingdom; RCT,"Social and Emotional Wellbeing (SCQ, P=0.001)","Supritha Aithal; United Kingdom; RCT | 8-13 | M:21; F:5 | DSM-5 | DMP (SC) | Chronic | 5 weeks | 2 times a week | 40min | Social and Emotional Wellbeing (SCQ, P=0.001)",,2021
"54. Chan AS, Sze SL, Siu NY, Lau EM, Cheung MC. A chinese mind-body exercise improves self-control of children with autism: a randomized controlled trial. PloS One. (2013) 8:e68184. doi: 10.1371/journal.pone.0068184",10.1371/journal.pone.0068184,,B54,54,Detailed information on qualitative analysis.,PMC11491325,Agnes S. Chan; China; RCT,Self-Control (Rule Violation: P< 0.05; Completion Time: P< 0.05; Unique Designs: P< 0.05; Communication; P< 0.05); Brain Activity,Agnes S. Chan; China; RCT | EG:11.28 ± 3.9; CG:12.42 ± 3.25 | M:36; F:4 | DSM-4 | NYG (PMR) | Chronic | 4 weeks | 2 times a week | 60min | Self-Control (Rule Violation: P< 0.05; Completion Time: P< 0.05; Unique Designs: P< 0.05; Communication; P< 0.05); Brain Activity,,2013
"30. Ju X, Liu H, Xu J, Hu B, Jin Y, Lu C. Effect of yoga intervention on problem behavior and motor coordination in children with autism. Behav Sci (Basel). (2024) 14. doi: 10.3390/bs14020116",10.3390/bs14020116,,B30,30,Detailed information on qualitative analysis.,PMC11491325,Xingda Ju; China; RCT,"Problem Behavior: (Irritability, Social Withdrawal, P< 0.05); Motor Coordination (Ball Skills (P< 0.001); Static and Dynamic Balance, P=0.028)","Xingda Ju; China; RCT | EG:11.11 ± 2.52; CG:12.75 ± 2.31 | M:12; F:5 | Medical diagnosis | Yoga (NI) | Chronic | 8 weeks | 3 times a week | 45-50min | Problem Behavior: (Irritability, Social Withdrawal, P< 0.05); Motor Coordination (Ball Skills (P< 0.001); Static and Dynamic Balance, P=0.028)",,2024
"31. Kaur M, Bhat A. Creative yoga intervention improves motor and imitation skills of children with autism spectrum disorder. Phys Ther. (2019) 99:1520–34. doi: 10.1093/ptj/pzz115",10.1093/ptj/pzz115,,B31,31,Detailed information on qualitative analysis.,PMC11491325,Maninderjit Kaur; USA; PTPT,"Motor Proficiency (gross motor,P< 0.006); Training-specific Imitation (P< 0.02)","Maninderjit Kaur; USA; PTPT | 5-13 | M:22; F:2 | ADOS-2 | Yoga (Academic) | Chronic | 8 weeks | 4 times a week | 20-45min | Motor Proficiency (gross motor,P< 0.006); Training-specific Imitation (P< 0.02)",,2019
"32. Sarabzadeh M, Azari BB, Helalizadeh M. The effect of six weeks of Tai Chi Chuan training on the motor skills of children with Autism Spectrum Disorder. J Bodyw Mov Ther. (2019) 23:284–90. doi: 10.1016/j.jbmt.2019.01.007",10.1016/j.jbmt.2019.01.007,,B32,32,Detailed information on qualitative analysis.,PMC11491325,Mostafa Sarabzadeh; Iran; RCT,"Motor skills (Ball skills, P< 0.05; Balance performance, P< 0.05)","Mostafa Sarabzadeh; Iran; RCT | EG:8.88 ± 1.76; CG:8.22 ± 1.92 | M:14; F:4 | GARS2 | Tai Chi Chuan (NI) | Chronic | 6 weeks | 3 times a week | 60min | Motor skills (Ball skills, P< 0.05; Balance performance, P< 0.05)",,2019
"33. Shanker S, Pradhan B. Effect of yoga on the motor proficiency of children with autism spectrum disorder and the feasibility of its inclusion in special school environments. Adapt Phys Activ Q. (2022) 39:247–67. doi: 10.1123/apaq.2021-0108",10.1123/apaq.2021-0108,,B33,33,Detailed information on qualitative analysis.,PMC11491325,Sindhu Shanker; India; RCT,"Motor Proficiency (Brieftotal,P=0.005; Manual coordination,P=0.019; Body coordination,P=0.01)","Sindhu Shanker; India; RCT | EG:9.77 ± 2.63; CG:9.61 ± 1.93 | M:35; F:8 | Medical diagnosis | Group yoga (NI) | Chronic | 12 weeks | NR | 45min | Motor Proficiency (Brieftotal,P=0.005; Manual coordination,P=0.019; Body coordination,P=0.01)",,2022
"55. Shanker S, Pradhan B. Effect of yoga on the social responsiveness and problem behaviors of children with ASD in special schools: A randomized controlled trial. Explore (NY). (2023) 19:594–9. doi: 10.1016/j.explore.2022.12.004",10.1016/j.explore.2022.12.004,,B55,55,Detailed information on qualitative analysis.,PMC11491325,Sindhu Shanker; India; RCT,"Social Responsiveness (Social communication,P=0.021; Social Cognition,P=0.008; Social Cognition); Social Motivation subscale,P=0.042; RRB:P=0.016); Problem behaviors (Irritability,P=0.041; Social withdrawal,P=0.047)","Sindhu Shanker; India; RCT | EG:9.77 ± 2.63; CG:9.61 ± 1.93 | M:35; F:8 | Medical diagnosis | Group yoga (NI) | Chronic | 12 weeks | NR | 45min | Social Responsiveness (Social communication,P=0.021; Social Cognition,P=0.008; Social Cognition); Social Motivation subscale,P=0.042; RRB:P=0.016); Problem behaviors (Irritability,P=0.041; Social withdrawal,P=0.047)",,2023
"56. Sotoodeh MS, Arabameri E, Panahibakhsh M, Kheiroddin F, Mirdoozandeh H, Ghanizadeh A. Effectiveness of yoga training program on the severity of autism. Complement Ther Clin Pract. (2017) 28:47–53. doi: 10.1016/j.ctcp.2017.05.001",10.1016/j.ctcp.2017.05.001,,B56,56,Detailed information on qualitative analysis.,PMC11491325,Mohammad Saber Sotoodeh; Iran; RCT,Sociability (P=0.001); Sensory/Cognitive/Awareness (P=0.004); Health/Physical/Behavior (P=0.001);,Mohammad Saber Sotoodeh; Iran; RCT | EG:10.8 ± 2.36; CG:10.5 ± 1.87 | M; 21; F:8 | DSM-5 | Yoga (NI) | Chronic | 8 weeks | 3 times a week | 30min | Sociability (P=0.001); Sensory/Cognitive/Awareness (P=0.004); Health/Physical/Behavior (P=0.001);,,2017
"57. Teixeira-MaChado L, Arida RM, Ziebold C, Barboza AB, Ribeiro L, Teles MC, et al. A pilot randomized controlled clinical trial of dance practice for functionality in autistic children and adolescent with all levels of need support. Complement Ther Clin Pract. (2022) 49:101650. doi: 10.1016/j.ctcp.2022.101650",10.1016/j.ctcp.2022.101650,,B57,57,Detailed information on qualitative analysis.,PMC11491325,Lavinia Teixeira-Machado; Brazil; RCT,Communication (P< 0.001); Social cognition (P< 0.001); Autistic behavior (P< 0.001),Lavinia Teixeira-Machado; Brazil; RCT | EG:10.412.24; CG:10 ± 2.03 | M:29; F:7 | DSM-5 | Dance (SC) | Chronic | 24 weeks | 1 time a week | 40min | Communication (P< 0.001); Social cognition (P< 0.001); Autistic behavior (P< 0.001),,2022
"34. Ansari S, Elmieh A, Hojjati Z. Effects of aquatic exercise training on pain, symptoms, motor performance, and quality of life of older males with knee osteoarthritis. Ann-Appl-Sport-Sci. (2014) 2:29–38. doi: 10.18869/acadpub.aassjournal.2.2.29",10.18869/acadpub.aassjournal.2.2.29,,B34,34,Detailed information on qualitative analysis.,PMC11491325,Soleyman Ansari; Iran; RCT,Static balance (P< 0.05); Dynamic balance (P=0.001),Soleyman Ansari; Iran; RCT | 8-14 | M:30 | DSM-5 | Aquatic exercise/karate (NI) | Chronic | 10 weeks | 2 times a week | 60min | Static balance (P< 0.05); Dynamic balance (P=0.001),,2014
"35. Marzouki H, Soussi B, Selmi O, Hajji Y, Marsigliante S, Bouhlel E, et al. Effects of aquatic training in children with autism spectrum disorder. Biol (Basel). (2022) 11. doi: 10.3390/biology11050657",10.3390/biology11050657,,B35,35,Detailed information on qualitative analysis.,PMC11491325,Hamza Marzouki; Tunisia; RCT,"Gross motor skills (Locomotor’ s ability, P< 0.001; Control skills, P< 0.001); Stereotypy behavior (P=0.014); Emotion Regulation","Hamza Marzouki; Tunisia; RCT | 6-7 | M:21; F:7 | DSM-5 | Aquatic exercise (NI) | Chronic | 8 weeks | 2 times a week | 50min | Gross motor skills (Locomotor’ s ability, P< 0.001; Control skills, P< 0.001); Stereotypy behavior (P=0.014); Emotion Regulation",,2022
"36. Hassani F, Shahrbanian S, Shahidi SH, Sheikh M. Playing games can improve physical performance in children with autism. Int J Dev Disabil. (2022) 68:219–26. doi: 10.1080/20473869.2020.1752995",10.1080/20473869.2020.1752995,,B36,36,Detailed information on qualitative analysis.,PMC11491325,Fahimeh Hassani; Iran; RCT,Gross skill (P=0.005); Fine skill (P=0.005); Motor skill (P=0.005),Fahimeh Hassani; Iran; RCT | 8-11 | M:20; F:10 | DSM-5 | SPARK/ICPL (NI) | Chronic | 8 weeks | 2 times a week | 60min | Gross skill (P=0.005); Fine skill (P=0.005); Motor skill (P=0.005),,2022
"58. Bahrami F, Movahedi A, Marandi SM, Sorensen C. The effect of karate techniques training on communication deficit of children with autism spectrum disorders. J Autism Dev Disord. (2016) 46:978–86. doi: 10.1007/s10803-015-2643-y",10.1007/s10803-015-2643-y,,B58,58,Detailed information on qualitative analysis.,PMC11491325,Fatimah Bahrami; USA; RCT,Communication deficit (P=0.000),Fatimah Bahrami; USA; RCT | EG:9.2 ± 3.32; CG:9.06 ± 3.33 | M:26; F:4 | DSM-4 | KTT (Education) | Chronic | 14 weeks | 4 times a week | 30-90min | Communication deficit (P=0.000),,2016
"59. Phung JN, Goldberg WA. Mixed martial arts training improves social skills and lessens problem behaviors in boys with Autism Spectrum Disorder. Res Autism Spectr Disord. (2021) 83:101758. doi: 10.1016/j.rasd.2021.101758",10.1016/j.rasd.2021.101758,,B59,59,Detailed information on qualitative analysis.,PMC11491325,Janice N. Phung; USA; RCT,Social skills (P< 0.01); Problem behaviors (P< 0.01),Janice N. Phung; USA; RCT | EG:9.1 ± 1.1; CG:9.52 ± 1.07 | M:28; F:6 | ADOS-2 | MMAT (NI) | Chronic | 13 weeks | 2 times a week | 45min | Social skills (P< 0.01); Problem behaviors (P< 0.01),,2021
"49. Wang JG, Cai KL, Liu ZM, Herold F, Zou L, Zhu LN, et al. Effects of mini-basketball training program on executive functions and core symptoms among preschool children with autism spectrum disorders. Brain Sci. (2020) 10. doi: 10.3390/brainsci10050263",10.3390/brainsci10050263,,B49,49,Detailed information on qualitative analysis.,PMC11491325,Kelong Cai; China; RCT,Social communication (P< 0.05); Ssocial cognition (P< 0.05); White Matter Structure,Kelong Cai; China; RCT | EG:5.13 ± 0.61; CG:4.68 ± 0.72 | M:25; F:4 | DSM-5 | MBT (NI) | Chronic (MHE) | 12 weeks | 5 times a week | 40min | Social communication (P< 0.05); Ssocial cognition (P< 0.05); White Matter Structure,,2020
"37. Adin E, Pancar Z. Effect of swimming exercise on respiratory muscle strength and respiratory functions in children with autism. Eurasian J Med. (2023) 55:135–9. doi: 10.5152/eajm.2023.0118",10.5152/eajm.2023.0118,,B37,37,Detailed information on qualitative analysis.,PMC11491325,Emine Adin; Turkey; PTPT,FEV (P=0.017); FVC (P=0.03); MVV (P=0.017); IVC (P=0.025),Emine Adin; Turkey; PTPT | EG:10.25 ± 0.46; CG:10.57 ± 1.27 | M:13; F:2 | NR | Swimming (NI) | Chronic | 6 weeks | 3 times a week | 60min | FEV (P=0.017); FVC (P=0.03); MVV (P=0.017); IVC (P=0.025),,2023
"38. Dehghani M, Jafarnezhadgero AA, Darvishani MA, Aali S, Granacher U. Effects of an 8-week multimodal exercise program on ground reaction forces and plantar pressure during walking in boys with autism spectrum disorder. Trials. (2023) 24:170. doi: 10.1186/s13063-023-07158-7",10.1186/s13063-023-07158-7,,B38,38,Detailed information on qualitative analysis.,PMC11491325,Mahrokh Dehghani; Iran; PTPT,PVGR (P=0.001); Loading rate (P=0.009); PPMHR (P=0.021),Mahrokh Dehghani; Iran; PTPT | EG:9.2 ± 0.6; CG:9.4 ± 0.5 | M:24 | GARS2 | SPARK (NI) | Chronic | 6 weeks | 3 times a week | 45min | PVGR (P=0.001); Loading rate (P=0.009); PPMHR (P=0.021),,2023
"39. Helsel BC, Foster RNS, Sherman J, Ptomey LT, Montgomery RN, Washburn RA, et al. A remotely delivered yoga intervention for adolescents with autism spectrum disorder: feasibility and effectiveness for improving skills related to physical activity. J Autism Dev Disord. (2023) 53:3958–67. doi: 10.1007/s10803-022-05702-z",10.1007/s10803-022-05702-z,,B39,39,Detailed information on qualitative analysis.,PMC11491325,Brian C. Helsel; USA; PTPT,"Physical activity-related skills (Leg strength, P< 0.05; Flexibility, P=0.008; Dynamic balance, P=0.001)","Brian C. Helsel; USA; PTPT | 13.2 ± 2.2 | M:11; F:8 | Medical diagnosis | Yoga | Chronic | 6 weeks | 3 times a week | 30min | Physical activity-related skills (Leg strength, P< 0.05; Flexibility, P=0.008; Dynamic balance, P=0.001)",,2023
"40. Howells K, Sivaratnam C, Lindor E, He J, Hyde C, McGillivray J, et al. Can a community-based football program benefit motor ability in children with autism spectrum disorder? A pilot evaluation considering the role of social impairments. J Autism Dev Disord. (2022) 52:402–13. doi: 10.1007/s10803-021-04933-w",10.1007/s10803-021-04933-w,,B40,40,Detailed information on qualitative analysis.,PMC11491325,Katherine Howells; Australia; PTPT,Total motor ability (P=0.03); Aiming and catching (P< 0.001); Balance (P=0.01); Manual dexterity,Katherine Howells; Australia; PTPT | EG:8.01 ± 1.8; CG:8.73 ± 2.33 | M:32; F:3 | DSM-5/ICD-10 | CBFP (NR) | Chronic | 10-22 weeks | 1 time a week | 60-90min | Total motor ability (P=0.03); Aiming and catching (P< 0.001); Balance (P=0.01); Manual dexterity,,2022
"41. Howells K, Sivaratnam C, Lindor E, Hyde C, McGillivray J, Whitehouse A, et al. Can participation in a community organized football program improve social, behavioural functioning and communication in children with autism spectrum disorder? A pilot study. J Autism Dev Disord. (2020) 50:3714–27. doi: 10.1007/s10803-020-04423-5",10.1007/s10803-020-04423-5,,B41,41,Detailed information on qualitative analysis.,PMC11491325,Katherine Howells; Australia; PTPT,"Behavior problems (Total, P=0.048; Internalizing, P=0.01; Anxiety, P=0.001; Social problems, P=0.01)","Katherine Howells; Australia; PTPT | EG:7.98 ± 1.71; CG:8.62 ± 2.26 | M:37; F:3 | DSM-4/5 | CBFP (NI) | Chronic | 4-21weeks | 1 time a week | 60-90min | Behavior problems (Total, P=0.048; Internalizing, P=0.01; Anxiety, P=0.001; Social problems, P=0.01)",,2020
"42. Kaur M, Eigsti IM, Bhat A. Effects of a creative yoga intervention on the joint attention and social communication skills, as well as affective states of children with Autism Spectrum Disorder. Res Autism Spectr Disord. (2021) 88. doi: 10.1016/j.rasd.2021.101860",10.1016/j.rasd.2021.101860,,B42,42,Detailed information on qualitative analysis.,PMC11491325,Maninderjit Kaur; USA; PTPT,JAT (P< 0.05); SDVC (P=0.05); GIA (P< 0.02); LNA (P< 0.02),Maninderjit Kaur; USA; PTPT | 5-13 | M:21; F:2 | ADOS-2 | Yoga (Academic) | Chronic | 8weeks | 4 times a week | 45min | JAT (P< 0.05); SDVC (P=0.05); GIA (P< 0.02); LNA (P< 0.02),,2021
"43. Ludyga S, Gerber M, Bruggisser F, Leuenberger R, Brotzmann M, Trescher S, et al. A randomized cross-over trial investigating the neurocognitive effects of acute exercise on face recognition in children with autism spectrum disorder. Autism Res. (2023) 16:1630–9. doi: 10.1002/aur.2977",10.1002/aur.2977,,B43,43,Detailed information on qualitative analysis.,PMC11491325,Sebastian Ludyga; Switzerland:,"Cognitive performance (Increased reaction time, P=0.044); HNN (P< 0.001); GCPS (P=0.049)","Sebastian Ludyga; Switzerland: | EG:10.9 ± 1.5; CG:10.4 ± 2.0 | M:29; F:1 | DSM-5 | Cycling (Watch video) | Acute (MI) |  | 1 time | 20min | Cognitive performance (Increased reaction time, P=0.044); HNN (P< 0.001); GCPS (P=0.049)",,2023
"44. Pierantozzi E, Morales J, Fukuda DH, Garcia V, Gómez AM, Guerra-Balic M, et al. Effects of a long-term adapted judo program on the health-related physical fitness of children with ASD. Int J Environ Res Public Health. (2022) 19. doi: 10.3390/ijerph192416731",10.3390/ijerph192416731,,B44,44,Detailed information on qualitative analysis.,PMC11491325,Emanuela Pierantozzi; Italy; PTPT,"Cardiorespiratory fitness, (VO2max,P< 0.05); Waist circumference (P< 0.001)","Emanuela Pierantozzi; Italy; PTPT | EG:11.1 ± 1.9; CG:11 ± 1.5 | 40 | DSM-5 | Judo Program (NI) | Chronic | 6 months | 1 time a week | 90min | Cardiorespiratory fitness, (VO2max,P< 0.05); Waist circumference (P< 0.001)",,2022
"45. Rosenblatt LE, Gorantla S, Torres JA, Yarmush RS, Rao S, Park ER, et al. Relaxation response-based yoga improves functioning in young children with autism: a pilot study. J Altern Complement Med. (2011) 17:1029–35. doi: 10.1089/acm.2010.0834",10.1089/acm.2010.0834,,B45,45,Detailed information on qualitative analysis.,PMC11491325,Lucy E. Rosenblatt; USA; PTPT,"BASC-2 (BSI, P=0.04; Atypicality, P=0.02);","Lucy E. Rosenblatt; USA; PTPT | 3.6-16.5 | M:22; F:2 | NR | Yoga & Dance | Chronic | 8weeks | 1 time a week | 45min | BASC-2 (BSI, P=0.04; Atypicality, P=0.02);",,2011
"46. Tabeshian R, Nezakat-Alhosseini M, Movahedi A, Zehr EP, Faramarzi S. The effect of tai chi chuan training on stereotypic behavior of children with autism spectrum disorder. J Autism Dev Disord. (2022) 52:2180–6. doi: 10.1007/s10803-021-05090-w",10.1007/s10803-021-05090-w,,B46,46,Detailed information on qualitative analysis.,PMC11491325,Roza Tabeshian; Iran; RCT,Stereotypic behavior (P=0.001),Roza Tabeshian; Iran; RCT | 6-12 | M:19; F:4 | Medical diagnosis | Ta chi chuan (NR) | Chronic | 12weeks | 3 times a week | 45min | Stereotypic behavior (P=0.001),,2022
"7. Toscano CVA, Ferreira JP, Quinaud RT, Silva KMN, Carvalho HM, Gaspar JM. Exercise improves the social and behavioral skills of children and adolescent with autism spectrum disorders. Front Psychiatry. (2022) 13:1027799. doi: 10.3389/fpsyt.2022.1027799",10.3389/fpsyt.2022.1027799,,B7,7,Detailed information on qualitative analysis.,PMC11491325,Chrystiane V. A. Toscano; Portugal: RCT,"Metabolic indicators (high-density lipoprotein cholesterol, low-density lipoprotein cholesterol, and totalcholesterol); Autism traits; PQL","Chrystiane V. A. Toscano; Portugal: RCT | EG:8.2 ± 1.7; CG; 8.9 ± 2.0 | M:56; F:8 | DSM-4 | PAE (SC) | Chronic | 48weeks | 2 times a week | 40min | Metabolic indicators (high-density lipoprotein cholesterol, low-density lipoprotein cholesterol, and totalcholesterol); Autism traits; PQL",,2022
"47. Toscano CVA, Carvalho HM, Ferreira JP. Exercise effects for children with autism spectrum disorder: metabolic health, autistic traits, and quality of life. Percept Mot Skills. (2018) 125:126–46. doi: 10.1177/0031512517743823",10.1177/0031512517743823,,B47,47,Detailed information on qualitative analysis.,PMC11491325,Chrystiane V. A. Toscano; Brazil; PTPT,"Social interaction problems, Attention deficit,Emotional reactivity, Stereotypical verbal, motor behavior, AsleepDisturbances (Decreased)","Chrystiane V. A. Toscano; Brazil; PTPT | 2.3-17.3 | M:196; F:33 | DSM-5 | PAE (SC) | Chronic (MI) | 48weeks | 2 times a week | 30min | Social interaction problems, Attention deficit,Emotional reactivity, Stereotypical verbal, motor behavior, AsleepDisturbances (Decreased)",,2018
"48. Vidyashree HM, Maheshkumar K, Sundareswaran L, Sakthivel G, Partheeban PK, Rajan R. Effect of yoga intervention on short-term heart rate variability in children with autism spectrum disorder. Int J Yoga. (2019) 12:73–7. doi: 10.4103/ijoy.ijoy_66_17",10.4103/ijoy.ijoy_66_17,,B48,48,Detailed information on qualitative analysis.,PMC11491325,HM Vidyashree; India; RCT,"Mean Heart rate, (Reduction, P=0.03); SDNN (Increase, P=0.04); PNN50% (Decrease, P=0.02)Effect parasympatheticdominance","HM Vidyashree; India; RCT | EG:10.56 ± 3.98; CG:11.7 ± 4.28 | M:23; F:5 | NR | Yoga (SC) | Chronic | 3 months | 7 times a week | 40min | Mean Heart rate, (Reduction, P=0.03); SDNN (Increase, P=0.04); PNN50% (Decrease, P=0.02)Effect parasympatheticdominance",,2019
"49. Wang JG, Cai KL, Liu ZM, Herold F, Zou L, Zhu LN, et al. Effects of mini-basketball training program on executive functions and core symptoms among preschool children with autism spectrum disorders. Brain Sci. (2020) 10. doi: 10.3390/brainsci10050263",10.3390/brainsci10050263,,B49,49,Detailed information on qualitative analysis.,PMC11491325,Jin-Gui Wang; China; RCT,Working memory (P< 0.01); Regulation (P< 0.05); SocialCommunication (P< 0.05); Repetitive behavior (P< 0.05);,Jin-Gui Wang; China; RCT | EG:5.11 ± 0.65; CG:4.7 ± 0.70 | M; 28; F:5 | DSM-5 | Basketball (NI) | Chronic | 12weeks | 5 times a week | 40min | Working memory (P< 0.01); Regulation (P< 0.05); SocialCommunication (P< 0.05); Repetitive behavior (P< 0.05);,,2020
"50. Yamaner YB, Demirli A, Moghanlou AE, Gökçelik E. The effect of aerobic exercises on skill behaviour of autestic children. Pakistan J Med Health Sci. (2022) 16:713–. doi: 10.53350/pjmhs22163713",10.53350/pjmhs22163713,,B50,50,Detailed information on qualitative analysis.,PMC11491325,"YUSUF BURAK YAMANER; Turkey, RCT",Coordination (P=0.001); Agility (P=0.001),"YUSUF BURAK YAMANER; Turkey, RCT | 8-10 | 30 | NR | Aerobic Exercises | Chronic | 3 months | 53times a week | 45min | Coordination (P=0.001); Agility (P=0.001)",,2022
"51. Zhou D, Liu Z, Gong G, Zhang Y, Lin L, Cai K, et al. Decreased functional and structural connectivity is associated with core symptom improvement in children with autism spectrum disorder after mini-basketball training program. J Autism Dev Disord. (2023).",,,B51,51,Detailed information on qualitative analysis.,PMC11491325,Dongyue Zhou; China; RCT,Improve brain functional and structural networks,Dongyue Zhou; China; RCT | EG:6.4 ± 2.07; CG:5.94 ± 1.79 | M:50; F:8 | DSM-5 | Basketball (NI) | Chronic | 12weeks | 5 times a week | 40min | Improve brain functional and structural networks,,2023
